Datasheet,Unnamed: 1,Unnamed: 2,Unnamed: 3,Unnamed: 4,Unnamed: 5,Unnamed: 6,Unnamed: 7
//mm.digikey.com/Volume0/opasdata/d220001/medias/docus/2441/AAA%20900HP-PREMIUM-v1.0%20NiMH.pdf,,,,,,,
//mm.digikey.com/Volume0/opasdata/d220001/medias/docus/949/HHR75AAA_B.pdf,,,,,,,
https://api.pim.na.industrial.panasonic.com/file_stream/main/fileversion/3515,,,,,,,
https://www.fdk.com/battery/nimh_e/tech_info/HR-AAU.pdf,,,,,,,
http://industrial.panasonic.com/cdbs/www-data/pdf2/ACG4000/ACG4000CE266.pdf,,,,,,,
https://www.fdk.com/battery/nimh_e/tech_info/HR-45AU.pdf,,,,,,,
https://api.pim.na.industrial.panasonic.com/file_stream/main/fileversion/3518,,,,,,,
https://www.fdk.com/battery/nimh_e/tech_info/HR-43AU.pdf,,,,,,,
//mm.digikey.com/Volume0/opasdata/d220001/medias/docus/813/PC1.2-12F1.pdf,,,,,,,
https://www.bb-battery.com/usa/download.php?f=BP1.2-12.pdf.e1a2267950ba9444d7bb421abfc0452a&m=BP1.2-12.pdf,,,,,,,
https://www.power-sonic.com/wp-content/uploads/2018/12/PS-640%20technical%20specifications.pdf,,,,,,,
//mm.digikey.com/Volume0/opasdata/d220001/medias/docus/4819/PC5-12.pdf,,,,,,,
//mm.digikey.com/Volume0/opasdata/d220001/medias/docus/743/PC7-12.pdf,,,,,,,
//mm.digikey.com/Volume0/opasdata/d220001/medias/docus/1026/PC7.2-12.pdf,,,,,,,
https://data.energizer.com/pdfs/nh22-175.pdf,,,,,,,
//mm.digikey.com/Volume0/opasdata/d220001/medias/docus/5695/HR6-12%20%281%29.pdf,,,,,,,
https://www.power-sonic.com/wp-content/uploads/2019/02/PS-1220-technical-specifications.pdf,,,,,,,
//mm.digikey.com/Volume0/opasdata/d220001/medias/docus/4848/DS_842_Selection_Guide.pdf,,,,,,,
http://www.bb-battery.com/usa/download.php?f=BP7-6.pdf.e1849d0bff5a4581c062f5efc8d88c40&m=BP7-6.pdf,,,,,,,
//mm.digikey.com/Volume0/opasdata/d220001/medias/docus/739/PC12-12.pdf,,,,,,,
http://www.bb-battery.com/usa/show.php?f=BP2.3-12.pdf.9f9550ced5aa08765326b0714b796ac2&m=BP2.3-12.pdf,,,,,,,
https://www.power-sonic.com/wp-content/uploads/2018/12/PS-1270%20technical%20specifications.pdf,,,,,,,
https://www.power-sonic.com/wp-content/uploads/2018/12/PS-1270%20technical%20specifications.pdf,,,,,,,
https://www.power-sonic.com/wp-content/uploads/2018/12/PS-1290%20technical%20specifications.pdf,,,,,,,
http://www.bb-battery.com/usa/download.php?f=HR9-6.pdf.41d451300699ddeb99b1f131db78697e&m=HR9-6.pdf,,,,,,,
http://www.bb-battery.com/usa/download.php?f=BP5-12.pdf.10b9e7d51dc302a1518b8cc309f1d905&m=BP5-12.pdf,,,,,,,
//mm.digikey.com/Volume0/opasdata/d220001/medias/docus/4848/DS_842_Selection_Guide.pdf,,,,,,,
//mm.digikey.com/Volume0/opasdata/d220001/medias/docus/4848/DS_842_Selection_Guide.pdf,,,,,,,
https://data.energizer.com/pdfs/nh15-2300.pdf,,,,,,,
http://www.bb-battery.com/global/download.php?f=BP7-12.pdf.7d7e11a8bd1d0a46631ad649cb475769&m=BP7-12.pdf,,,,,,,
http://www.bb-battery.com/usa/download.php?f=BP12-12.pdf.ecf026d46688283d3c48716bb982a522&m=BP12-12.pdf,,,,,,,
https://www.power-sonic.com/wp-content/uploads/2018/12/PS-12180-technical-specifications.pdf,,,,,,,
https://www.power-sonic.com/wp-content/uploads/2018/12/PS-12180-technical-specifications.pdf,,,,,,,
http://www.bb-battery.com/usa/download.php?f=BC18-12.pdf.d8f5318050fcd1853c9a3ed64665f1b2&m=BC18-12.pdf,,,,,,,
http://www.bb-battery.com/usa/download.php?f=BP20-12.pdf.762a1fb6b4e8000579af95d9f4937e2c&m=BP20-12.pdf,,,,,,,
//mm.digikey.com/Volume0/opasdata/d220001/medias/docus/746/PC33-12.pdf,,,,,,,
https://www.power-sonic.com/wp-content/uploads/2018/12/PS-12550%20technical%20specifications.pdf,,,,,,,
https://industrial.panasonic.com/cdbs/www-data/pdf2/ACG4000/ACG4000CE264.pdf,,,,,,,
https://industrial.panasonic.com/cdbs/www-data/pdf2/ACG4000/ACG4000C9.pdf,,,,,,,
//mm.digikey.com/Volume0/opasdata/d220001/medias/docus/726/BK250A.pdf,,,,,,,
//mm.digikey.com/Volume0/opasdata/d220001/medias/docus/936/BK200A_Rev2014.pdf,,,,,,,
//mm.digikey.com/Volume0/opasdata/d220001/medias/docus/5792/HR-3UTGX.pdf,,,,,,,
http://www.bb-battery.com/global/index.php?fn=product/product&filter_name=BP3-6&product_id=118,,,,,,,
//mm.digikey.com/Volume0/opasdata/d220001/medias/docus/964/HHR300CH.pdf,,,,,,,
//mm.digikey.com/Volume0/opasdata/d220001/medias/docus/43/HR-4UTC_Cell_Spec.pdf,,,,,,,
//mm.digikey.com/Volume0/opasdata/d220001/medias/docus/5340/PC1.2-6_Rev3.0.pdf,,,,,,,
https://www.power-sonic.com/wp-content/uploads/2018/12/PS-612%20technical%20specifications_US.pdf,,,,,,,
http://www.bb-battery.com/usa/download.php?f=BP3-12.pdf.08985f997e942ec99b1f4757098ddb93&m=BP3-12.pdf,,,,,,,
//mm.digikey.com/Volume0/opasdata/d220001/medias/docus/706/PC4.5-6.pdf,,,,,,,
//mm.digikey.com/Volume0/opasdata/d220001/medias/docus/839/PC3.4-12.pdf,,,,,,,
https://www.power-sonic.com/wp-content/uploads/2018/12/PS-630%20technical%20specifications_US.pdf,,,,,,,
http://www.bb-battery.com/usa/download.php?f=BP5-12.pdf.10b9e7d51dc302a1518b8cc309f1d905&m=BP5-12.pdf,,,,,,,
//mm.digikey.com/Volume0/opasdata/d220001/medias/docus/43/HR-3UTC_Cell_Spec.pdf,,,,,,,
//mm.digikey.com/Volume0/opasdata/d220001/medias/docus/43/HR-3UTHC_Cell_Spec.pdf,,,,,,,
//mm.digikey.com/Volume0/opasdata/d220001/medias/docus/735/PC9-12S.pdf,,,,,,,
https://www.power-sonic.com/wp-content/uploads/2018/12/PS-670%20technical%20specifications.pdf,,,,,,,
http://www.bb-battery.com/usa/download.php?f=BP5-6.pdf.69549bd9fb3842485e28feaef8c0ad45&m=BP5-6.pdf,,,,,,,
http://www.bb-battery.com/usa/download.php?f=BP10-12.pdf.d6a6fbe4285498659620d58e882983c2&m=BP10-12.pdf,,,,,,,
//mm.digikey.com/Volume0/opasdata/d220001/medias/docus/311/PC6-6.pdf,,,,,,,
https://www.power-sonic.com/wp-content/uploads/2018/12/PS-1230%20technical%20specifications.pdf,,,,,,,
//mm.digikey.com/Volume0/opasdata/d220001/medias/docus/4819/PC5-12.pdf,,,,,,,
//mm.digikey.com/Volume0/opasdata/d220001/medias/docus/713/PC18-12.pdf,,,,,,,
http://www.bb-battery.com/usa/download.php?f=HR22-12.pdf.9a0a513f5d3872fb5a260afc5411f1dc&m=HR22-12.pdf,,,,,,,
//mm.digikey.com/Volume0/opasdata/d220001/medias/docus/4848/DS_842_Selection_Guide.pdf,,,,,,,
http://www.bb-battery.com/usa/download.php?f=BP33-12(S type).pdf.20b0aec81119b73744be74e27808db77&m=BP33-12(S type).pdf,,,,,,,
http://www.bb-battery.com/usa/download.php?f=HR5.5-12.pdf.74bd6d1ad4b4b6ab1556ffb98e2bfbd2&m=HR5.5-12.pdf,,,,,,,
https://www.fdk.com/battery/nimh_e/tech_info/HR-AAUC_LongLife.pdf,,,,,,,
//mm.digikey.com/Volume0/opasdata/d220001/medias/docus/952/PC3.4-6F1.pdf,,,,,,,
https://www.fdk.co.jp/battery/nimh/tech_info/HR-SCU.pdf,,,,,,,
//mm.digikey.com/Volume0/opasdata/d220001/medias/docus/575/BK1100FHU_Spec.pdf,,,,,,,
http://www.bb-battery.com/usa/download.php?f=HR15-12.pdf.eab1fd1bee0c6f6fd67890d506b39a4f&m=HR15-12.pdf,,,,,,,
http://www.bb-battery.com/usa/download.php?f=EB50-12.pdf.d59001a0588a04679071a1692682b89d&m=EB50-12.pdf,,,,,,,
https://api.pim.na.industrial.panasonic.com/file_stream/main/fileversion/3517,,,,,,,
http://www.bb-battery.com/usa/download.php?f=BP5-12.pdf.10b9e7d51dc302a1518b8cc309f1d905&m=BP5-12.pdf,,,,,,,
//mm.digikey.com/Volume0/opasdata/d220001/medias/docus/2577/USE-18650-2200mah%20Rev2022.pdf,,,,,,,
//mm.digikey.com/Volume0/opasdata/d220001/medias/docus/721/PC1.3-6.pdf,,,,,,,
https://kdocs.cn/l/coaWr6jpD9y5,,,,,,,
//mm.digikey.com/Volume0/opasdata/d220001/medias/docus/949/HHR75AAA_B.pdf,,,,,,,
//mm.digikey.com/Volume0/opasdata/d220001/medias/docus/2592/USE-18650-2600mah%20rev2022.pdf,,,,,,,
//mm.digikey.com/Volume0/opasdata/d220001/medias/docus/5336/USE-702528-500PCBJST.pdf,,,,,,,
//mm.digikey.com/Volume0/opasdata/d220001/medias/docus/6166/USE-18650-3500mah.pdf,,,,,,,
//mm.digikey.com/Volume0/opasdata/d220001/medias/docus/5338/USE-18650-2200PCB.pdf,,,,,,,
http://industrial.panasonic.com/cdbs/www-data/pdf2/ACG4000/ACG4000CE266.pdf,,,,,,,
http://www.bb-battery.com/usa/download.php?f=BP1.2-6.pdf.4c84bea45896a678989882d82f323a54&m=BP1.2-6.pdf,,,,,,,
//mm.digikey.com/Volume0/opasdata/d220001/medias/docus/5338/USE-18650-2600PCB.pdf,,,,,,,
https://kdocs.cn/l/co90T22M5w1i,,,,,,,
https://kdocs.cn/l/cnFctTelGvJ9,,,,,,,
//mm.digikey.com/Volume0/opasdata/d220001/medias/docus/5335/USE-18650-2000PCBUSB.pdf,,,,,,,
https://data.energizer.com/pdfs/nh15-2300.pdf,,,,,,,
//mm.digikey.com/Volume0/opasdata/d220001/medias/docus/5340/USE-18650-3500PCB.pdf,,,,,,,
//mm.digikey.com/Volume0/opasdata/d220001/medias/docus/5336/USE-18650-2200PCBJST.pdf,,,,,,,
//mm.digikey.com/Volume0/opasdata/d220001/medias/docus/5562/USE-803048-1100%20MAH.pdf,,,,,,,
//mm.digikey.com/Volume0/opasdata/d220001/medias/docus/5335/USE-18650-2600PCBJST.pdf,,,,,,,
//mm.digikey.com/Volume0/opasdata/d220001/medias/docus/5562/USE-903439-1400%20MAH.pdf,,,,,,,
https://industrial.panasonic.com/cdbs/www-data/pdf2/ACG4000/ACG4000CE275.pdf,,,,,,,
//mm.digikey.com/Volume0/opasdata/d220001/medias/docus/5336/USE-104060-3KPCBJST.pdf,,,,,,,
https://tsi.tyconsystems.com/doc/SpecSheets/TPBAT12-9_Battery_Spec_Sheet.pdf,,,,,,,
//mm.digikey.com/Volume0/opasdata/d220001/medias/docus/25/LC-X1220P_AP.pdf,,,,,,,
http://www.bb-battery.com/usa/download.php?f=BP65-12.pdf.041d873f5f9966a68202b5ab7e262646&m=BP65-12.pdf,,,,,,,
https://www.power-sonic.com/wp-content/uploads/2018/12/PHR-12150%20technical%20specifications_US.pdf,,,,,,,
https://kdocs.cn/l/cnGRW25comHF,,,,,,,
http://www.bb-battery.com/global/download.php?f=BP7-12.pdf.7d7e11a8bd1d0a46631ad649cb475769&m=BP7-12.pdf,,,,,,,
https://www.power-sonic.com/wp-content/uploads/2018/12/PS-1250%20technical%20specifications.pdf,,,,,,,
https://www.power-sonic.com/wp-content/uploads/2018/12/PS-1250%20technical%20specifications.pdf,,,,,,,
https://www.power-sonic.com/wp-content/uploads/2018/12/PS-6100%20technical%20specifications.pdf,,,,,,,
https://www.power-sonic.com/wp-content/uploads/2018/12/PS-12350%20technical%20specifications.pdf,,,,,,,
https://www.power-sonic.com/wp-content/uploads/2018/12/PS-121000-technical-specifications.pdf,,,,,,,
//mm.digikey.com/Volume0/opasdata/d220001/medias/docus/43/HR-4UTHC_Cell_Spec.pdf,,,,,,,
//mm.digikey.com/Volume0/opasdata/d220001/medias/docus/311/PC7-6.pdf,,,,,,,
https://data.energizer.com/pdfs/nh35-2500.pdf,,,,,,,
https://data.energizer.com/pdfs/nh12.pdf,,,,,,,
https://www.power-sonic.com/wp-content/uploads/2018/12/PS-6100%20technical%20specifications_US.pdf,,,,,,,
//mm.digikey.com/Volume0/opasdata/d220001/medias/docus/746/PC12-6.pdf,,,,,,,
http://www.bb-battery.com/usa/download.php?f=BP12-6.pdf.9ef6c464da4b8e3eb1e49a70e8acc86d&m=BP12-6.pdf,,,,,,,
http://www.bb-battery.com/usa/download.php?f=BC7-12.pdf.cf0b1bebf097a458c4e51c4dabfa0342&m=BC7-12.pdf,,,,,,,
https://www.zeusbatteryproducts.com/wp-content/uploads/downloads/ZEUS_SLA_SPEC_SHEET_PC9-12S.pdf,,,,,,,
http://www.bb-battery.com/usa/download.php?f=EB20-12.pdf.edd346e31be57f3f2da8c95f6b934db3&m=EB20-12.pdf,,,,,,,
//mm.digikey.com/Volume0/opasdata/d220001/medias/docus/4848/DS_842_Selection_Guide.pdf,,,,,,,
https://www.power-sonic.com/wp-content/uploads/2019/02/PS-12260-technical-specifications.pdf,,,,,,,
https://www.power-sonic.com/wp-content/uploads/2019/02/PS-12260-technical-specifications.pdf,,,,,,,
https://www.power-sonic.com/wp-content/uploads/2018/12/PS-12350%20technical%20specifications.pdf,,,,,,,
//mm.digikey.com/Volume0/opasdata/d220001/medias/docus/4848/DS_842_Selection_Guide.pdf,,,,,,,
https://industrial.panasonic.com/cdbs/www-data/pdf2/ACG4000/ACG4000C7.pdf,,,,,,,
//mm.digikey.com/Volume0/opasdata/d220001/medias/docus/6163/BK-310CH.pdf,,,,,,,
https://data.energizer.com:443/pdfs/nh50-2500.pdf,,,,,,,
http://www.bb-battery.com/usa/download.php?f=HR6-12.pdf.24fe96b07f7ea88e0c4bf07e441749a6&m=HR6-12.pdf,,,,,,,
https://www.power-sonic.com/wp-content/uploads/2018/12/PHR-1236%20technical%20specifications_US.pdf,,,,,,,
https://www.power-sonic.com/wp-content/uploads/2018/12/PHR-1290%20technical%20specifications_US.pdf,,,,,,,
https://www.power-sonic.com/wp-content/uploads/2018/12/PHR-12100%20technical%20specifications_US.pdf,,,,,,,
https://www.power-sonic.com/wp-content/uploads/2018/12/PHR-12200%20technical%20specifications_US.pdf,,,,,,,
https://www.power-sonic.com/wp-content/uploads/2018/12/PHR-12350%20technical%20specifications_US.pdf,,,,,,,
http://www.bb-battery.com/usa/download.php?f=BP40-12.pdf.62d5602a3f461d7fa5f64b665d68eeb6&m=BP40-12.pdf,,,,,,,
//mm.digikey.com/Volume0/opasdata/d220001/medias/docus/713/PC55-12.pdf,,,,,,,
https://api.pim.na.industrial.panasonic.com/file_stream/main/fileversion/3515,,,,,,,
https://www.fdk.com/battery/nimh_e/tech_info/HR-AAUT.pdf,,,,,,,
https://api.pim.na.industrial.panasonic.com/file_stream/main/fileversion/3516,,,,,,,
https://industrial.panasonic.com/cdbs/www-data/pdf2/ACG4000/ACG4000CE293.pdf,,,,,,,
https://www.fdk.com/battery/nimh_e/tech_info/HR-43AU.pdf,,,,,,,
https://api.pim.na.industrial.panasonic.com/file_stream/main/fileversion/3519,,,,,,,
//mm.digikey.com/Volume0/opasdata/d220001/medias/docus/964/HHR300CH.pdf,,,,,,,
//mm.digikey.com/Volume0/opasdata/d220001/medias/docus/532/BC8-12.pdf,,,,,,,
http://www.bb-battery.com/usa/download.php?f=BP40-12.pdf.62d5602a3f461d7fa5f64b665d68eeb6&m=BP40-12.pdf,,,,,,,
https://tsi.tyconsystems.com/doc/SpecSheets/TPBAT12-180_Battery_Spec_Sheet.pdf,,,,,,,
//mm.digikey.com/Volume0/opasdata/d220001/medias/docus/1152/HHR-70AAA.pdf,,,,,,,
//mm.digikey.com/Volume0/opasdata/d220001/medias/docus/2480/AA2500HP-PREMIUM-v1.0%20Rechargeable.pdf,,,,,,,
//mm.digikey.com/Volume0/opasdata/d220001/medias/docus/4802/Panasonic_04122019_BK120AAHU-1568524.pdf,,,,,,,
https://www.tdk-electronics.tdk.com/download/2427656/7881c5b72870e3637aeca81a12c2e94b/dl-ceracharge-dbl.pdf,,,,,,,
https://industrial.panasonic.com/cdbs/www-data/pdf2/ACG4000/ACG4000CE275.pdf,,,,,,,
https://api.pim.na.industrial.panasonic.com/file_stream/main/fileversion/3519,,,,,,,
//mm.digikey.com/Volume0/opasdata/d220001/medias/docus/6283/SHR3.6-12.pdf,,,,,,,
http://www.bb-battery.com/usa/download.php?f=HR5.8-12.pdf.fd268410d1e0e37671b2d5486acf15dc&m=HR5.8-12.pdf,,,,,,,
https://www.power-sonic.com/wp-content/uploads/2018/12/PS-12120%20technical%20specifications.pdf,,,,,,,
http://www.bb-battery.com/usa/download.php?f=HR9-12.pdf.b360a835b1395be1f124c94f997e7498&m=HR9-12.pdf,,,,,,,
//mm.digikey.com/Volume0/opasdata/d220001/medias/docus/1152/HHR-70AAA.pdf,,,,,,,
//mm.digikey.com/Volume0/opasdata/d220001/medias/docus/694/B73180A0101M062_DS.pdf,,,,,,,
https://www.globtek.com/pdf/manual-datasheets/BM2000C1450AA2S1PATP.pdf,,,,,,,
http://www.bb-battery.com/usa/download.php?f=BP17-12.pdf.03d254cfc70b8033ffd9a843e1c2e2e4&m=BP17-12.pdf,,,,,,,
https://www.fdk.com/battery/nimh_e/tech_info/HR-3UTG.pdf,,,,,,,
http://www.bb-battery.com/usa/download.php?f=BP12-6.pdf.9ef6c464da4b8e3eb1e49a70e8acc86d&m=BP12-6.pdf,,,,,,,
http://www.bb-battery.com/usa/download.php?f=HR33-12.pdf.59823e6963d30ca9be1f8a09dd3eedbc&m=HR33-12.pdf,,,,,,,
https://www.nichicon.co.jp/_assets/pdf/products/slb/datasheet0811_2108_e.pdf,,,,,,,
https://www.jauch.com/downloadfile/66ec1eaf279a3215fa67c71d6cd23894d/251001_-_li_inr18650-30p.pdf,,,,,,,
https://www.jauch.com/downloadfile/66ec25ba304c44db8bee52f463b0f980f/252386_-_li_inr21700-40p.pdf,,,,,,,
//mm.digikey.com/Volume0/opasdata/d220001/medias/docus/2580/P-70AAR%20D1B.pdf,,,,,,,
//mm.digikey.com/Volume0/opasdata/d220001/medias/docus/9/P-150SCS.pdf,,,,,,,
//mm.digikey.com/Volume0/opasdata/d220001/medias/docus/9/P-130SCS.pdf,,,,,,,
//mm.digikey.com/Volume0/opasdata/d220001/medias/docus/900/P-18N.pdf,,,,,,,
//mm.digikey.com/Volume0/opasdata/d220001/medias/docus/9/P-120AS.pdf,,,,,,,
//mm.digikey.com/Volume0/opasdata/d220001/medias/docus/1103/P-100AASJ.pdf,,,,,,,
https://data.energizer.com/pdfs/nh12-700.pdf,,,,,,,
//mm.digikey.com/Volume0/opasdata/d220001/medias/docus/9/P-140AS.pdf,,,,,,,
//mm.digikey.com/Volume0/opasdata/d220001/medias/docus/9/P-170SCS.pdf,,,,,,,
//media.digikey.com/pdf/Data%20Sheets/Panasonic%20Batteries%20PDFS/Ni%20Cd%20Catalog%202002-03%20v1.pdf#page=61,,,,,,,
https://api.pim.na.industrial.panasonic.com/file_stream/main/fileversion/3511,,,,,,,
//media.digikey.com/pdf/Data%20Sheets/Panasonic%20Batteries%20PDFS/Ni%20Cd%20Catalog%202002-03%20v1.pdf#page=61,,,,,,,
//mm.digikey.com/Volume0/opasdata/d220001/medias/docus/529/HHR70AAH.pdf,,,,,,,
//mm.digikey.com/Volume0/opasdata/d220001/medias/docus/6488/11_mlseries_datasheets_merged.pdf,,,,,,,
//mm.digikey.com/Volume0/opasdata/d220001/medias/docus/9/P-120SCJS.pdf,,,,,,,
//mm.digikey.com/Volume0/opasdata/d220001/medias/docus/1128/HR-5-4AAAU.pdf,,,,,,,
https://www.fdk.com/battery/nimh_e/tech_info/HR-45AAUC_LongLife.pdf,,,,,,,
//mm.digikey.com/Volume0/opasdata/d220001/medias/docus/973/HHR-160AA-B.pdf,,,,,,,
https://data.energizer.com/pdfs/nh15-2300.pdf,,,,,,,
//mm.digikey.com/Volume0/opasdata/d220001/medias/docus/1115/P-200SCP.pdf,,,,,,,
https://www.fdk.com/battery/cat/FDK_battery_en.pdf,,,,,,,
//mm.digikey.com/Volume0/opasdata/d220001/medias/docus/1047/HR-AUC.pdf,,,,,,,
https://mediap.industry.panasonic.eu/assets/imported/industrial.panasonic.com/cdbs/www-data/pdf2/ACG4000/ACG4000C29.pdf,,,,,,,
//mm.digikey.com/Volume0/opasdata/d220001/medias/docus/766/HHR200SCP_DS.pdf,,,,,,,
https://www.nichicon.co.jp/_assets/pdf/products/slb/datasheet0425_2211_e.pdf,,,,,,,
//mm.digikey.com/Volume0/opasdata/d220001/medias/docus/9/LC-R064R2P.pdf,,,,,,,
//mm.digikey.com/Volume0/opasdata/d220001/medias/docus/1104/HR-AAAU.pdf,,,,,,,
//mm.digikey.com/Volume0/opasdata/d220001/medias/docus/1152/HHR-70AAA.pdf,,,,,,,
//mm.digikey.com/Volume0/opasdata/d220001/medias/docus/1128/HR-5-4AAAU.pdf,,,,,,,
https://industrial.panasonic.com/cdbs/www-data/pdf2/ACG4000/ACG4000CE256.pdf,,,,,,,
https://data.energizer.com/pdfs/nh22-175.pdf,,,,,,,
https://api.pim.na.industrial.panasonic.com/file_stream/main/fileversion/3517,,,,,,,
https://www.fdk.com/battery/nimh_e/tech_info/HR-45AU.pdf,,,,,,,
//mm.digikey.com/Volume0/opasdata/d220001/medias/docus/926/P-500DR.pdf,,,,,,,
https://www.cde.com/resources/catalogs/RJD.pdf,,,,,,,
https://www.fdk.com/battery/cat/FDK_battery_en.pdf,,,,,,,
https://www.cde.com/resources/catalogs/RJD.pdf,,,,,,,
https://www.cde.com/resources/catalogs/RJD.pdf,,,,,,,
//mm.digikey.com/Volume0/opasdata/d220001/medias/docus/805/HR-3UWX_Spec.pdf,,,,,,,
https://www.cde.com/resources/catalogs/RJD.pdf,,,,,,,
https://www.cde.com/resources/catalogs/RJD.pdf,,,,,,,
https://www.cde.com/resources/catalogs/RJD.pdf,,,,,,,
http://www.bb-battery.com/usa/download.php?f=BP1.0-6.pdf.72102da65e665de85301459dabc79934&m=BP1.0-6.pdf,,,,,,,
https://www.cde.com/resources/catalogs/RJD.pdf,,,,,,,
https://www.cde.com/resources/catalogs/RJD.pdf,,,,,,,
//mm.digikey.com/Volume0/opasdata/d220001/medias/docus/743/PC1.3-12.pdf,,,,,,,
https://www.cde.com/resources/catalogs/RJD.pdf,,,,,,,
https://www.fdk.co.jp/battery/nimh/tech_info/HR-SCU.pdf,,,,,,,
https://industrial.panasonic.com/cdbs/www-data/pdf2/ACG4000/ACG4000CE256.pdf,,,,,,,
http://www.bb-battery.com/usa/download.php?f=BP4-6.pdf.0a500e6ef2e3a7faf143bdf7d0fdd2a6&m=BP4-6.pdf,,,,,,,
http://www.bb-battery.com/usa/download.php?f=BP5-6.pdf.69549bd9fb3842485e28feaef8c0ad45&m=BP5-6.pdf,,,,,,,
//mm.digikey.com/Volume0/opasdata/d220001/medias/docus/6530/11_PdfFile739751.pdf,,,,,,,
//mm.digikey.com/Volume0/opasdata/d220001/medias/docus/927/HR-D.pdf,,,,,,,
//mm.digikey.com/Volume0/opasdata/d220001/medias/docus/9/HHR-650D.pdf,,,,,,,
http://www.bb-battery.com/usa/download.php?f=BP7-6.pdf.e1849d0bff5a4581c062f5efc8d88c40&m=BP7-6.pdf,,,,,,,
//mm.digikey.com/Volume0/opasdata/d220001/medias/docus/6488/522_bp4-6.pdf,,,,,,,
//mm.digikey.com/Volume0/opasdata/d220001/medias/docus/9/HHR900D.pdf,,,,,,,
https://www.nichicon.co.jp/_assets/pdf/products/slb/datasheet1240_2108_e.pdf,,,,,,,
https://www.nichicon.co.jp/_assets/pdf/products/slb/datasheet1240_2108_e.pdf,,,,,,,
//mm.digikey.com/Volume0/opasdata/d220001/medias/docus/6488/522_bp4.5-6.pdf,,,,,,,
http://www.bb-battery.com/usa/download.php?f=BP4-6.pdf.0a500e6ef2e3a7faf143bdf7d0fdd2a6&m=BP4-6.pdf,,,,,,,
http://www.bb-battery.com/usa/download.php?f=BP13-6H.pdf.7bde4cc1fa853e8e5f54691adb5e10bf&m=BP13-6H.pdf,,,,,,,
http://www.bb-battery.com/usa/download.php?f=BP4.5-6.pdf.a53fa92becaa83542669a8f559a2764f&m=BP4.5-6.pdf,,,,,,,
http://www.bb-battery.com/usa/download.php?f=BP4-12.pdf.f139f3d816953fd93a8ef9716e22fb90&m=BP4-12.pdf,,,,,,,
http://www.bb-battery.com/usa/download.php?f=SH4.5-12.pdf.8cdec2dbad3a6ae1a96f022438acccf9&m=SH4.5-12.pdf,,,,,,,
//mm.digikey.com/Volume0/opasdata/d220001/medias/docus/6488/522_bp7-6.pdf,,,,,,,
http://www.bb-battery.com/usa/download.php?f=BP10-6.pdf.06ace2856471720bfb7fbd8f4346005c&m=BP10-6.pdf,,,,,,,
http://www.bb-battery.com/usa/download.php?f=BP10-6.pdf.06ace2856471720bfb7fbd8f4346005c&m=BP10-6.pdf,,,,,,,
https://data.energizer.com/pdfs/nh12.pdf,,,,,,,
https://data.energizer.com/pdfs/nh35-2500.pdf,,,,,,,
https://data.energizer.com:443/pdfs/nh50-2500.pdf,,,,,,,
http://www.bb-battery.com/usa/download.php?f=BP12-6.pdf.9ef6c464da4b8e3eb1e49a70e8acc86d&m=BP12-6.pdf,,,,,,,
http://www.bb-battery.com/usa/download.php?f=bp4.5-12rt.pdf.4b9d949425cb14c53bfc0cbddbb5c8b2&m=bp4.5-12rt.pdf,,,,,,,
http://www.bb-battery.com/usa/download.php?f=BP7-6.pdf.e1849d0bff5a4581c062f5efc8d88c40&m=BP7-6.pdf,,,,,,,
https://api.pim.na.industrial.panasonic.com/file_stream/main/fileversion/3546,,,,,,,
http://www.bb-battery.com/global/show.php?f=BP3-12.pdf.c58c6a215af570f46a8d8ea65ae64984&m=BP3-12.pdf,,,,,,,
http://www.bb-battery.com/usa/download.php?f=BP4.5-12.pdf.48cf8c1a1ab214f7f068af4fca03f817&m=BP4.5-12.pdf,,,,,,,
//mm.digikey.com/Volume0/opasdata/d220001/medias/docus/6488/522_bp10-6.pdf,,,,,,,
//mm.digikey.com/Volume0/opasdata/d220001/medias/docus/4848/DS_842_Selection_Guide.pdf,,,,,,,
//mm.digikey.com/Volume0/opasdata/d220001/medias/docus/6488/522_bp12-6.pdf,,,,,,,
http://www.bb-battery.com/usa/download.php?f=BP4-12.pdf.f139f3d816953fd93a8ef9716e22fb90&m=BP4-12.pdf,,,,,,,
http://www.bb-battery.com/usa/download.php?f=BP3.6-12.pdf.1af1b949a86733c095e370d71b6df776&m=BP3.6-12.pdf,,,,,,,
http://www.bb-battery.com/usa/download.php?f=BP7.5-12.pdf.8cacb95e1ee51dc5b424809a44180b5c&m=BP7.5-12.pdf,,,,,,,
http://www.bb-battery.com/usa/download.php?f=HR9-6.pdf.41d451300699ddeb99b1f131db78697e&m=HR9-6.pdf,,,,,,,
http://www.bb-battery.com/usa/download.php?f=BC10-12.pdf.3ce322079eac385a0bb6ec2b879ee13d&m=BC10-12.pdf,,,,,,,
http://www.bb-battery.com/usa/download.php?f=BP4.5-12.pdf.48cf8c1a1ab214f7f068af4fca03f817&m=BP4.5-12.pdf,,,,,,,
http://www.bb-battery.com/usa/download.php?f=BP3-12.pdf.08985f997e942ec99b1f4757098ddb93&m=BP3-12.pdf,,,,,,,
http://www.bb-battery.com/usa/download.php?f=BP5-12.pdf.10b9e7d51dc302a1518b8cc309f1d905&m=BP5-12.pdf,,,,,,,
http://www.bb-battery.com/usa/download.php?f=BC7-12.pdf.cf0b1bebf097a458c4e51c4dabfa0342&m=BC7-12.pdf,,,,,,,
http://www.bb-battery.com/usa/download.php?f=HR4-12.pdf.2787480d8900dcbc683a83d2fe65fb13&m=HR4-12.pdf,,,,,,,
http://www.bb-battery.com/usa/download.php?f=bp5.5-12rt.pdf.74914d312e9fdcc2574ef09287d53240&m=bp5.5-12rt.pdf,,,,,,,
http://www.bb-battery.com/usa/download.php?f=BP3.6-12.pdf.1af1b949a86733c095e370d71b6df776&m=BP3.6-12.pdf,,,,,,,
//mm.digikey.com/Volume0/opasdata/d220001/medias/docus/4848/DS_842_Selection_Guide.pdf,,,,,,,
//mm.digikey.com/Volume0/opasdata/d220001/medias/docus/2586/HRC5%205-12.pdf,,,,,,,
http://www.bb-battery.com/global/show.php?f=HR5.8-12.pdf.39aa3b92b60ec190c46f4edbb583ecd5&m=HR5.8-12.pdf,,,,,,,
//mm.digikey.com/Volume0/opasdata/d220001/medias/docus/532/BC12-12.pdf,,,,,,,
http://www.bb-battery.com/usa/download.php?f=HR4-12.pdf.2787480d8900dcbc683a83d2fe65fb13&m=HR4-12.pdf,,,,,,,
https://www.enersys.com/WorkArea/DownloadAsset.aspx?id=489,,,,,,,
http://www.bb-battery.com/usa/download.php?f=BP7-12.pdf.138f50b737475d664b33bb913dfe0e79&m=BP7-12.pdf,,,,,,,
//mm.digikey.com/Volume0/opasdata/d220001/medias/docus/4848/DS_842_Selection_Guide.pdf,,,,,,,
http://www.bb-battery.com/usa/download.php?f=bp7-12rt.pdf.5fffccc83fceee5094e4ba32b8b65c64&m=bp7-12rt.pdf,,,,,,,
http://www.bb-battery.com/usa/download.php?f=BP12-12.pdf.ecf026d46688283d3c48716bb982a522&m=BP12-12.pdf,,,,,,,
http://www.bb-battery.com/usa/download.php?f=HR6-12.pdf.24fe96b07f7ea88e0c4bf07e441749a6&m=HR6-12.pdf,,,,,,,
//mm.digikey.com/Volume0/opasdata/d220001/medias/docus/532/BC8-12.pdf,,,,,,,
http://www.bb-battery.com/usa/download.php?f=EP7-12.pdf.90b7940da100ca481859c7a43c92ecf7&m=EP7-12.pdf,,,,,,,
http://www.bb-battery.com/usa/download.php?f=EVP7-12.pdf.6280f51e28b186228e4f700ed1828070&m=EVP7-12.pdf,,,,,,,
http://www.bb-battery.com/usa/download.php?f=BP7.5-12.pdf.8cacb95e1ee51dc5b424809a44180b5c&m=BP7.5-12.pdf,,,,,,,
http://www.bb-battery.com/usa/download.php?f=HR5.8-12.pdf.fd268410d1e0e37671b2d5486acf15dc&m=HR5.8-12.pdf,,,,,,,
//mm.digikey.com/Volume0/opasdata/d220001/medias/docus/662/HRC1234W.pdf,,,,,,,
//mm.digikey.com/Volume0/opasdata/d220001/medias/docus/635/NP_Batteries_Gde.pdf,,,,,,,
//mm.digikey.com/Volume0/opasdata/d220001/medias/docus/4848/DS_842_Selection_Guide.pdf,,,,,,,
http://www.bb-battery.com/usa/download.php?f=BP10-12.pdf.d6a6fbe4285498659620d58e882983c2&m=BP10-12.pdf,,,,,,,
http://www.bb-battery.com/usa/download.php?f=SHR7-12.pdf.2713cfb168f8289fd45bba2b61519c36&m=SHR7-12.pdf,,,,,,,
http://www.bb-battery.com/usa/download.php?f=EP7-12.pdf.90b7940da100ca481859c7a43c92ecf7&m=EP7-12.pdf,,,,,,,
http://www.bb-battery.com/usa/download.php?f=EVP7-12.pdf.6280f51e28b186228e4f700ed1828070&m=EVP7-12.pdf,,,,,,,
http://www.bb-battery.com/usa/download.php?f=BP7.5-12.pdf.8cacb95e1ee51dc5b424809a44180b5c&m=BP7.5-12.pdf,,,,,,,
http://www.bb-battery.com/usa/download.php?f=BP7.5-12.pdf.8cacb95e1ee51dc5b424809a44180b5c&m=BP7.5-12.pdf,,,,,,,
//mm.digikey.com/Volume0/opasdata/d220001/medias/docus/662/HRC9-12.pdf,,,,,,,
//mm.digikey.com/Volume0/opasdata/d220001/medias/docus/635/NP_Batteries_Gde.pdf,,,,,,,
http://www.bb-battery.com/usa/download.php?f=EP12-12.pdf.e7c7ab302e547749a6256f3ed089dc5f&m=EP12-12.pdf,,,,,,,
//mm.digikey.com/Volume0/opasdata/d220001/medias/docus/4848/DS_842_Selection_Guide.pdf,,,,,,,
http://www.bb-battery.com/usa/download.php?f=BP17-12.pdf.03d254cfc70b8033ffd9a843e1c2e2e4&m=BP17-12.pdf,,,,,,,
http://www.bb-battery.com/usa/download.php?f=EP12-12.pdf.e7c7ab302e547749a6256f3ed089dc5f&m=EP12-12.pdf,,,,,,,
http://www.bb-battery.com/usa/download.php?f=EB12-12.pdf.a75745b3228781e05d377702650d8fdb&m=EB12-12.pdf,,,,,,,
http://www.bb-battery.com/usa/download.php?f=BP17-12.pdf.03d254cfc70b8033ffd9a843e1c2e2e4&m=BP17-12.pdf,,,,,,,
//mm.digikey.com/Volume0/opasdata/d220001/medias/docus/4848/DS_842_Selection_Guide.pdf,,,,,,,
http://www.bb-battery.com/usa/download.php?f=EP17-12.pdf.b94891012d0f85ad15e267bc60ce96a0&m=EP17-12.pdf,,,,,,,
http://www.bb-battery.com/usa/download.php?f=EVP12-12.pdf.74f7e890e5ca8cfb077f6462e0a3b813&m=EVP12-12.pdf,,,,,,,
http://www.bb-battery.com/usa/download.php?f=BP17-12.pdf.03d254cfc70b8033ffd9a843e1c2e2e4&m=BP17-12.pdf,,,,,,,
http://www.bb-battery.com/productpages/HR/HR15-12.pdf,,,,,,,
http://www.bb-battery.com/usa/download.php?f=BP28-12.pdf.8a2884b8a7d0512d458a069d8a8c10c9&m=BP28-12.pdf,,,,,,,
http://www.bb-battery.com/usa/download.php?f=HR22-12.pdf.9a0a513f5d3872fb5a260afc5411f1dc&m=HR22-12.pdf,,,,,,,
http://www.bb-battery.com/usa/download.php?f=Evp20-12.pdf.137b214621536506a352a22566dfe49e&m=Evp20-12.pdf,,,,,,,
http://www.bb-battery.com/usa/download.php?f=EP17-12.pdf.b94891012d0f85ad15e267bc60ce96a0&m=EP17-12.pdf,,,,,,,
http://www.bb-battery.com/usa/download.php?f=EVP12-12.pdf.74f7e890e5ca8cfb077f6462e0a3b813&m=EVP12-12.pdf,,,,,,,
http://www.bb-battery.com/usa/download.php?f=BP26-12.pdf.eca03cfcc67c43317b48d05cdb54f958&m=BP26-12.pdf,,,,,,,
http://www.bb-battery.com/usa/download.php?f=BP26-12.pdf.eca03cfcc67c43317b48d05cdb54f958&m=BP26-12.pdf,,,,,,,
http://www.bb-battery.com/usa/download.php?f=BC28-12.pdf.64ef387ca216359ee79a05cc98c2a98d&m=BC28-12.pdf,,,,,,,
http://www.bb-battery.com/usa/download.php?f=BP26-12.pdf.eca03cfcc67c43317b48d05cdb54f958&m=BP26-12.pdf,,,,,,,
//mm.digikey.com/Volume0/opasdata/d220001/medias/docus/9/LC-X1265P.pdf,,,,,,,
http://www.bb-battery.com/usa/download.php?f=Evp20-12.pdf.137b214621536506a352a22566dfe49e&m=Evp20-12.pdf,,,,,,,
http://www.bb-battery.com/usa/download.php?f=EP28-12.pdf.cdd99550c5a44cef806a52835e0b4b31&m=EP28-12.pdf,,,,,,,
http://www.enersys-emea.com/reserve/pdf/AS-NP-NPX-PS-002_0413.pdf,,,,,,,
http://www.bb-battery.com/usa/download.php?f=BP33-6.pdf.d8a36eda4faaf028dc24dfe75d7caaf6&m=BP33-6.pdf,,,,,,,
http://www.bb-battery.com/usa/download.php?f=EB24-12.pdf.4f9506381e572a8f4086615ce099db4f&m=EB24-12.pdf,,,,,,,
http://www.bb-battery.com/usa/download.php?f=EP33-12(S type).pdf.d925d933e878b43a1ce60af8efb1bf6d&m=EP33-12(S type).pdf,,,,,,,
http://www.bb-battery.com/usa/download.php?f=HR33-12.pdf.59823e6963d30ca9be1f8a09dd3eedbc&m=HR33-12.pdf,,,,,,,
http://www.bb-battery.com/usa/download.php?f=BP33-12(H type).pdf.6d562b15e0501f61efa4d9df2cdee4a2&m=BP33-12(H type).pdf,,,,,,,
http://www.bb-battery.com/usa/download.php?f=EVP35-12(S type).pdf.a34e7a1f0d94b530aafe250d2e50fcb0&m=EVP35-12(S type).pdf,,,,,,,
http://www.bb-battery.com/usa/download.php?f=BC35-12(S type).pdf.294dfeb110287797e6f817fff3d0a31c&m=BC35-12S .pdf,,,,,,,
http://www.bb-battery.com/usa/download.php?f=HR40-12(S type).pdf.83381bd9fc3feb0a7406b471f505691b&m=HR40-12(S type).pdf,,,,,,,
http://www.bb-battery.com/usa/download.php?f=HR33-12.pdf.59823e6963d30ca9be1f8a09dd3eedbc&m=HR33-12.pdf,,,,,,,
http://www.bb-battery.com/usa/download.php?f=MPL55-12(S type).pdf.f254bfcdfbee2ae18b2d73ddfd8707a2&m=MPL55-12(S type).pdf,,,,,,,
//mm.digikey.com/Volume0/opasdata/d220001/medias/docus/662/BC42-12.pdf,,,,,,,
http://www.bb-battery.com/usa/download.php?f=EB50-12.pdf.d59001a0588a04679071a1692682b89d&m=EB50-12.pdf,,,,,,,
http://www.bb-battery.com/usa/download.php?f=HR50-12.pdf.9e3d77b53b75e7255b9b63f82455c301&m=HR50-12.pdf,,,,,,,
http://www.bb-battery.com/global/download.php?f=MPL55-12(S type).pdf.f254bfcdfbee2ae18b2d73ddfd8707a2&m=MPL55-12(S type).pdf,,,,,,,
http://www.bb-battery.com/usa/download.php?f=BP90-12.pdf.1dab9757d2046437709e8d8069964d05&m=BP90-12.pdf,,,,,,,
http://www.bb-battery.com/usa/download.php?f=HR50-12.pdf.9e3d77b53b75e7255b9b63f82455c301&m=HR50-12.pdf,,,,,,,
http://www.bb-battery.com/usa/download.php?f=MPL55-12(S type).pdf.f254bfcdfbee2ae18b2d73ddfd8707a2&m=MPL55-12(S type).pdf,,,,,,,
http://www.odysseybattery.com/documents/US-ODY-WS-AA.pdf,,,,,,,
//mm.digikey.com/Volume0/opasdata/d220001/medias/docus/662/BC75-12.pdf,,,,,,,
//mm.digikey.com/Volume0/opasdata/d220001/medias/docus/6488/522_MPL9012H.PDF,,,,,,,
http://www.bb-battery.com/usa/download.php?f=MPL80-12(S type).pdf.86507007d9344f72b7878f282b4ab4a2&m=MPL80-12(S type).pdf,,,,,,,
https://assets.tripplite.com/product-pdfs/en/744a4310.pdf,,,,,,,
http://www.bb-battery.com/global/show.php?f=MSB-200.pdf.89b707511f12750008e0aadfcc63b4d7&m=MSB-200,,,,,,,
http://www.bb-battery.com/usa/download.php?f=MPL90-12(S type).pdf.e233d5b38d42cc16932512c7ec390d4a&m=MPL90-12(S type).pdf,,,,,,,
https://tsi.tyconsystems.com/doc/SpecSheets/TPBAT12-9_Battery_Spec_Sheet.pdf,,,,,,,
https://www.power-sonic.com/wp-content/uploads/2018/12/PHR-12500%20technical%20specifications_US.pdf,,,,,,,
http://www.bb-battery.com/usa/download.php?f=EP100-12.pdf.8aaba0746a4c6450c74cce955e6ab1bc&m=EP100-12.pdf,,,,,,,
http://www.bb-battery.com/global/download.php?f=MPL110-12(H type).pdf.eeea6cf1fa4cb6bf5ce406c779ea8166&m=MPL110-12(H type).pdf,,,,,,,
http://www.bb-battery.com/global/download.php?f=MPL135-12.pdf.6ef754173907c46064315eac928a61b9&m=MPL135-12.pdf,,,,,,,
http://www.bb-battery.com/global/download.php?f=MPL155-12.pdf.75e744c0fb3e9b931006cbd1067bb8e5&m=MPL155-12.pdf,,,,,,,
https://wago.priintcloud.com/datasheets/787-878_000-2500/en,,,,,,,
https://wago.priintcloud.com/datasheets/787-878_001-3000/en_GG/d41d8cd98f00b204e9800998ecf8427e?attempt=1&signature=367236a8a29570f416422956c213f60b_1igio5apm,,,,,,,
